size,loop_ratio,specials,attempts,generated,validated,trap_safe,success_rate,avg_ms,avg_bfs_moves,avg_walkable_cells
11x11,0.0,True,30,22,22,22,73.3,10.38,40.4,50.0
11x11,0.0,False,30,30,30,30,100.0,0.34,38.5,49.0
11x11,0.05,True,30,22,22,22,73.3,10.34,40.4,50.0
11x11,0.05,False,30,30,30,30,100.0,0.33,38.5,49.0
11x11,0.1,True,30,29,29,29,96.7,8.32,37.9,50.3
11x11,0.1,False,30,30,30,30,100.0,0.49,33.7,50.0
21x15,0.0,True,30,30,30,30,100.0,256.35,109.9,140.0
21x15,0.0,False,30,30,30,30,100.0,3.95,102.9,139.0
21x15,0.05,True,30,29,29,29,96.7,144.67,95.3,141.1
21x15,0.05,False,30,30,30,30,100.0,3.50,78.9,141.0
21x15,0.1,True,30,29,29,29,96.7,91.53,76.0,144.0
21x15,0.1,False,30,30,30,30,100.0,4.36,59.9,144.0
31x21,0.0,True,30,29,29,29,96.7,1326.55,224.5,300.1
31x21,0.0,False,30,30,30,30,100.0,8.68,197.1,299.0
31x21,0.05,True,30,30,30,30,100.0,334.86,155.3,305.0
31x21,0.05,False,30,30,30,30,100.0,3.69,128.3,305.0
31x21,0.1,True,30,29,29,29,96.7,257.27,121.0,311.0
31x21,0.1,False,30,30,30,30,100.0,9.02,94.9,311.0
